{
  "strictPrivateWrite": false,
  "archived": false,
  "lastUpdateBy": null,
  "name": "homepage",
  "helperText": "homepage",
  "repeatable": false,
  "requiredTargets": [],
  "examplePageUrl": "",
  "hideOptions": false,
  "publicWritable": false,
  "publicReadable": true,
  "targetingSubset": [],
  "id": "253e957db92948039daa165d37ecf152",
  "hideFromUI": false,
  "useQueryParamTargetingClientSide": false,
  "singleton": false,
  "allowBuiltInComponents": true,
  "allowPreview": true,
  "subType": "",
  "enableIframeFormSubmissions": false,
  "showMetrics": true,
  "allowTests": true,
  "injectWcPosition": "",
  "fields": [
    {
      "hideFromFieldsEditor": true,
      "hidden": false,
      "type": "uiBlocks",
      "@type": "@builder.io/core:Field",
      "autoFocus": false,
      "required": true,
      "bubble": false,
      "disallowRemove": false,
      "advanced": false,
      "name": "blocks",
      "simpleTextOnly": false,
      "permissionsRequiredToEdit": "",
      "mandatory": false,
      "onChange": "",
      "broadcast": false,
      "helperText": "",
      "noPhotoPicker": false,
      "model": "",
      "showTemplatePicker": true,
      "showIf": "",
      "subFields": [],
      "copyOnAdd": true,
      "hideFromUI": false
    }
  ],
  "kind": "page",
  "allowMetrics": true,
  "showScheduling": true,
  "componentsOnlyMode": false,
  "showAbTests": true,
  "isPage": false,
  "webhooks": [],
  "editingUrlLogic": "/*\n* Run custom logic to determine the current preview URL\n* \n* Be sure to always return a string representing preview url at the end\n* \n* Available objects:\n*  content: a json representation of the current state of content. e.g. you can access things like `content.data.title`\n*  space: the current space settings, including properties like `space.publicKey`\n*  targeting: an object representing the content targeting settings, for example: `targeting.urlPath`\n*  fetch: You can run async code with `fetch`, such as: `const settings = await fetch('...');`\n*  contentModel: the current content model, including helper properties like `contentModel.isLive`\n*  previewDevice: 'mobile' , 'tablet', or 'desktop'\n*  locale: the value of the locale in the locale picker\n*\n* Learn more about dynamic preview URLs: https://www.builder.io/c/docs/dynamic-preview-urls\n* \n* Example:\n* \n* return `https://my-site.com/${targeting.locales[0]}${targeting.urlPath}`;\n*/\n\n return `${space.siteUrl}${targeting.urlPath}`;",
  "allowHeatmap": true,
  "sendToMongoDb": true,
  "hidden": false,
  "sendToElasticSearch": false,
  "strictPrivateRead": false,
  "showTargeting": true,
  "designerVersion": 1,
  "pathPrefix": "/",
  "autoTracked": true,
  "hooks": {},
  "schema": {},
  "injectWcAt": "",
  "bigData": false,
  "defaultQuery": [],
  "getSchemaFromPage": false,
  "individualEmbed": false,
  "@originId": "39dd309206c44cdda45866c7d0155226"
}