{
  "allowMetrics": true,
  "strictPrivateRead": false,
  "allowBuiltInComponents": true,
  "repeatable": false,
  "getSchemaFromPage": false,
  "lastUpdateBy": null,
  "defaultQuery": [],
  "id": "73bbe977d5b7443d8029441422949961",
  "sendToMongoDb": true,
  "hooks": {},
  "hidden": false,
  "singleton": false,
  "requiredTargets": [],
  "bigData": false,
  "sendToElasticSearch": false,
  "allowPreview": true,
  "helperText": "",
  "pathPrefix": "/",
  "hideFromUI": false,
  "autoTracked": true,
  "fields": [
    {
      "permissionsRequiredToEdit": "",
      "@type": "@builder.io/core:Field",
      "name": "blocks",
      "showTemplatePicker": true,
      "copyOnAdd": true,
      "autoFocus": false,
      "mandatory": false,
      "onChange": "",
      "hideFromUI": false,
      "hidden": true,
      "hideFromFieldsEditor": false,
      "simpleTextOnly": false,
      "helperText": "",
      "advanced": false,
      "model": "",
      "noPhotoPicker": false,
      "bubble": false,
      "subFields": [],
      "disallowRemove": false,
      "broadcast": false,
      "type": "uiBlocks",
      "showIf": "",
      "required": false
    },
    {
      "copyOnAdd": true,
      "disallowRemove": false,
      "subFields": [],
      "mandatory": false,
      "showTemplatePicker": true,
      "name": "title",
      "advanced": false,
      "onChange": "",
      "hidden": false,
      "type": "text",
      "autoFocus": false,
      "model": "",
      "helperText": "SEO page title",
      "noPhotoPicker": false,
      "showIf": "",
      "required": false,
      "simpleTextOnly": false,
      "permissionsRequiredToEdit": "",
      "bubble": false,
      "broadcast": false,
      "hideFromFieldsEditor": false,
      "hideFromUI": false,
      "@type": "@builder.io/core:Field"
    },
    {
      "simpleTextOnly": false,
      "showTemplatePicker": true,
      "subFields": [],
      "disallowRemove": false,
      "onChange": "",
      "model": "",
      "required": false,
      "broadcast": false,
      "autoFocus": false,
      "type": "longText",
      "showIf": "",
      "copyOnAdd": true,
      "helperText": "SEO page description",
      "bubble": false,
      "hidden": false,
      "mandatory": false,
      "noPhotoPicker": false,
      "permissionsRequiredToEdit": "",
      "hideFromUI": false,
      "hideFromFieldsEditor": false,
      "name": "description",
      "advanced": false,
      "@type": "@builder.io/core:Field"
    }
  ],
  "editingUrlLogic": "/*\n* Run custom logic to determine the current preview URL\n* \n* Be sure to always return a string representing preview url at the end\n* \n* Available objects:\n*  content: a json representation of the current state of content. e.g. you can access things like `content.data.title`\n*  space: the current space settings, including properties like `space.publicKey`\n*  targeting: an object representing the content targeting settings, for example: `targeting.urlPath`\n*  fetch: You can run async code with `fetch`, such as: `const settings = await fetch('...');`\n*  contentModel: the current content model, including helper properties like `contentModel.isLive`\n*  previewDevice: 'mobile' , 'tablet', or 'desktop'\n*  locale: the value of the locale in the locale picker\n*\n* Learn more about dynamic preview URLs: https://www.builder.io/c/docs/dynamic-preview-urls\n* \n* Example:\n* \n* return `https://my-site.com/${targeting.locales[0]}${targeting.urlPath}`;\n*/\n\nreturn `${space.siteUrl}/b${targeting.urlPath}`;",
  "allowTests": true,
  "useQueryParamTargetingClientSide": false,
  "designerVersion": 1,
  "showMetrics": true,
  "allowHeatmap": true,
  "publicWritable": false,
  "showTargeting": true,
  "archived": false,
  "schema": {},
  "injectWcAt": "",
  "isPage": false,
  "showAbTests": true,
  "publicReadable": true,
  "individualEmbed": false,
  "showScheduling": true,
  "hideOptions": false,
  "componentsOnlyMode": false,
  "strictPrivateWrite": false,
  "injectWcPosition": "",
  "kind": "page",
  "enableIframeFormSubmissions": false,
  "webhooks": [],
  "name": "page",
  "subType": "",
  "targetingSubset": [],
  "@originId": "ffa91f13cce74d91a5695de0d3f9c02c"
}