{
  "createdBy": "IqzTkBgwWTbzaXDAhTL6IpwiCah1",
  "createdDate": 1677557422889,
  "data": {
    "kiboProduct": "HKFT_018",
    "blocks": [
      {
        "@type": "@builder.io/sdk:Element",
        "@version": 2,
        "id": "builder-6d134dd7852b41799ee6eaab90f93ead",
        "component": {
          "name": "Text",
          "options": {
            "text": "<p>hammock footer</p>"
          }
        },
        "responsiveStyles": {
          "large": {
            "display": "flex",
            "flexDirection": "column",
            "position": "relative",
            "flexShrink": "0",
            "boxSizing": "border-box",
            "marginTop": "20px",
            "lineHeight": "normal",
            "height": "auto"
          }
        }
      }
    ],
    "state": {
      "deviceSize": "large",
      "location": {
        "path": "",
        "query": {}
      }
    }
  },
  "folders": [],
  "id": "b40b0dad3c074c7ba18833723ff48f49",
  "lastUpdatedBy": "IqzTkBgwWTbzaXDAhTL6IpwiCah1",
  "meta": {
    "hasLinks": false,
    "kind": "component",
    "lastPreviewUrl": "http://localhost:3000/product/Hammock_015?builder.space=1f098a44b17d4df688d2afdc8a10ac7d&builder.cachebust=true&builder.preview=product-page-footer&builder.noCache=true&__builder_editing__=true&builder.overrides.product-page-footer=12e30decbb8241dc8222ebcfc783cd60&builder.overrides.12e30decbb8241dc8222ebcfc783cd60=12e30decbb8241dc8222ebcfc783cd60",
    "needsHydration": false
  },
  "modelId": "e0760a6a9f7d4c30b895eb3b3d85d391",
  "name": "hammock footer",
  "published": "published",
  "query": [
    {
      "@type": "@builder.io/core:Query",
      "operator": "is",
      "property": "product",
      "value": "Hammock_015"
    }
  ],
  "testRatio": 1,
  "variations": {},
  "lastUpdated": 1677557779305,
  "previewUrl": "http://localhost:3000/product/Hammock_015",
  "firstPublished": 1677557442905,
  "rev": "ink2h7zhggk",
  "@originOrg": "1f098a44b17d4df688d2afdc8a10ac7d",
  "@originContentId": "12e30decbb8241dc8222ebcfc783cd60",
  "@originModelId": "1c7656e746f242248b68e3e26025d615"
}