{
  "subType": "",
  "examplePageUrl": "",
  "hideFromUI": false,
  "injectWcAt": "",
  "showTargeting": true,
  "id": "bd2140a6ec0745e69ac3e61172b63728",
  "getSchemaFromPage": false,
  "kind": "component",
  "useQueryParamTargetingClientSide": false,
  "helperText": "product page footer",
  "designerVersion": 1,
  "showMetrics": true,
  "individualEmbed": false,
  "name": "product-page-footer",
  "pathPrefix": "/",
  "fields": [
    {
      "hideFromUI": false,
      "name": "blocks",
      "broadcast": false,
      "type": "uiBlocks",
      "helperText": "",
      "advanced": false,
      "mandatory": false,
      "bubble": false,
      "autoFocus": false,
      "simpleTextOnly": false,
      "hideFromFieldsEditor": true,
      "model": "",
      "copyOnAdd": true,
      "@type": "@builder.io/core:Field",
      "permissionsRequiredToEdit": "",
      "onChange": "",
      "subFields": [],
      "disallowRemove": false,
      "noPhotoPicker": false,
      "showIf": "",
      "showTemplatePicker": true,
      "hidden": false,
      "required": true
    }
  ],
  "repeatable": false,
  "sendToElasticSearch": false,
  "requiredTargets": [
    "product"
  ],
  "hooks": {},
  "hidden": false,
  "strictPrivateRead": false,
  "showScheduling": true,
  "showAbTests": true,
  "editingUrlLogic": "/*\n* Run custom logic to determine the current preview URL\n* \n* Be sure to always return a string representing preview url at the end\n* \n* Available objects:\n*  content: a json representation of the current state of content. e.g. you can access things like `content.data.title`\n*  space: the current space settings, including properties like `space.publicKey`\n*  targeting: an object representing the content targeting settings, for example: `targeting.urlPath`\n*  fetch: You can run async code with `fetch`, such as: `const settings = await fetch('...');`\n*  contentModel: the current content model, including helper properties like `contentModel.isLive`\n*  previewDevice: 'mobile' , 'tablet', or 'desktop'\n*  locale: the value of the locale in the locale picker\n*\n* Learn more about dynamic preview URLs: https://www.builder.io/c/docs/dynamic-preview-urls\n* \n* Example:\n* \n* return `https://my-site.com/${targeting.locales[0]}${targeting.urlPath}`;\n*/\n\n\nreturn `${space.siteUrl}/product/${targeting.product || 'HKFT_018'}`;",
  "lastUpdateBy": null,
  "isPage": false,
  "bigData": false,
  "targetingSubset": [],
  "injectWcPosition": "",
  "autoTracked": true,
  "publicWritable": false,
  "singleton": false,
  "publicReadable": true,
  "sendToMongoDb": true,
  "enableIframeFormSubmissions": false,
  "allowMetrics": true,
  "webhooks": [],
  "allowBuiltInComponents": true,
  "allowHeatmap": true,
  "defaultQuery": [],
  "allowPreview": true,
  "archived": false,
  "schema": {},
  "strictPrivateWrite": false,
  "componentsOnlyMode": false,
  "allowTests": true,
  "hideOptions": false,
  "@originId": "1c7656e746f242248b68e3e26025d615"
}